{
  "boolq": {
    "acc": 0.3782874617737003,
    "acc_stderr": 0.008482001133931005
  }
}